hebrew_city_name,city_code,year,total_open_requests,total_requests,total_approved_requests,longitude,latitude
אור יהודה,2400,2005,0,0.0,0.0,34.8523936,32.0309712
אור יהודה,2400,2006,0,0.0,0.0,34.8523936,32.0309712
אור יהודה,2400,2007,0,0.0,0.0,34.8523936,32.0309712
אור יהודה,2400,2008,0,1.0,0.0,34.8523936,32.0309712
אור יהודה,2400,2009,1,0.0,0.0,34.8523936,32.0309712
אור יהודה,2400,2010,1,0.0,1.0,34.8523936,32.0309712
אור יהודה,2400,2011,0,0.0,0.0,34.8523936,32.0309712
אור יהודה,2400,2012,0,0.0,0.0,34.8523936,32.0309712
אור יהודה,2400,2013,0,0.0,0.0,34.8523936,32.0309712
אור יהודה,2400,2014,0,0.0,0.0,34.8523936,32.0309712
אור יהודה,2400,2015,0,0.0,0.0,34.8523936,32.0309712
אור יהודה,2400,2016,0,0.0,0.0,34.8523936,32.0309712
אור יהודה,2400,2017,0,1.0,0.0,34.8523936,32.0309712
אור יהודה,2400,2018,1,0.0,0.0,34.8523936,32.0309712
אור יהודה,2400,2019,1,0.0,0.0,34.8523936,32.0309712
אור יהודה,2400,2020,1,0.0,0.0,34.8523936,32.0309712
אור יהודה,2400,2021,1,0.0,0.0,34.8523936,32.0309712
אור יהודה,2400,2022,1,1.0,0.0,34.8523936,32.0309712
אור עקיבא,1020,2005,0,0.0,0.0,34.922045919703095,32.50288295
אור עקיבא,1020,2006,0,0.0,0.0,34.922045919703095,32.50288295
אור עקיבא,1020,2007,0,0.0,0.0,34.922045919703095,32.50288295
אור עקיבא,1020,2008,0,0.0,0.0,34.922045919703095,32.50288295
אור עקיבא,1020,2009,0,0.0,0.0,34.922045919703095,32.50288295
אור עקיבא,1020,2010,0,0.0,0.0,34.922045919703095,32.50288295
אור עקיבא,1020,2011,0,0.0,0.0,34.922045919703095,32.50288295
אור עקיבא,1020,2012,0,0.0,0.0,34.922045919703095,32.50288295
אור עקיבא,1020,2013,0,0.0,0.0,34.922045919703095,32.50288295
אור עקיבא,1020,2014,0,0.0,0.0,34.922045919703095,32.50288295
אור עקיבא,1020,2015,0,0.0,0.0,34.922045919703095,32.50288295
אור עקיבא,1020,2016,0,0.0,0.0,34.922045919703095,32.50288295
אור עקיבא,1020,2017,0,0.0,0.0,34.922045919703095,32.50288295
אור עקיבא,1020,2018,0,1.0,0.0,34.922045919703095,32.50288295
אור עקיבא,1020,2019,1,1.0,0.0,34.922045919703095,32.50288295
אור עקיבא,1020,2020,2,0.0,0.0,34.922045919703095,32.50288295
אור עקיבא,1020,2021,2,0.0,0.0,34.922045919703095,32.50288295
אור עקיבא,1020,2022,2,0.0,0.0,34.922045919703095,32.50288295
אזור,565,2005,0,0.0,0.0,34.80892189228334,32.022598849999994
אזור,565,2006,0,0.0,0.0,34.80892189228334,32.022598849999994
אזור,565,2007,0,0.0,0.0,34.80892189228334,32.022598849999994
אזור,565,2008,0,0.0,0.0,34.80892189228334,32.022598849999994
אזור,565,2009,0,0.0,0.0,34.80892189228334,32.022598849999994
אזור,565,2010,0,0.0,0.0,34.80892189228334,32.022598849999994
אזור,565,2011,0,0.0,0.0,34.80892189228334,32.022598849999994
אזור,565,2012,0,1.0,0.0,34.80892189228334,32.022598849999994
אזור,565,2013,1,0.0,0.0,34.80892189228334,32.022598849999994
אזור,565,2014,1,0.0,0.0,34.80892189228334,32.022598849999994
אזור,565,2015,1,1.0,1.0,34.80892189228334,32.022598849999994
אזור,565,2016,1,0.0,0.0,34.80892189228334,32.022598849999994
אזור,565,2017,1,0.0,0.0,34.80892189228334,32.022598849999994
אזור,565,2018,1,0.0,0.0,34.80892189228334,32.022598849999994
אזור,565,2019,1,0.0,0.0,34.80892189228334,32.022598849999994
אזור,565,2020,1,2.0,0.0,34.80892189228334,32.022598849999994
אזור,565,2021,3,0.0,0.0,34.80892189228334,32.022598849999994
אזור,565,2022,3,0.0,0.0,34.80892189228334,32.022598849999994
אילת,2600,2005,0,0.0,0.0,34.9497949,29.5569348
אילת,2600,2006,0,0.0,0.0,34.9497949,29.5569348
אילת,2600,2007,0,0.0,0.0,34.9497949,29.5569348
אילת,2600,2008,0,0.0,0.0,34.9497949,29.5569348
אילת,2600,2009,0,0.0,0.0,34.9497949,29.5569348
אילת,2600,2010,0,0.0,0.0,34.9497949,29.5569348
אילת,2600,2011,0,0.0,0.0,34.9497949,29.5569348
אילת,2600,2012,0,3.0,2.0,34.9497949,29.5569348
אילת,2600,2013,1,1.0,1.0,34.9497949,29.5569348
אילת,2600,2014,1,0.0,0.0,34.9497949,29.5569348
אילת,2600,2015,1,0.0,0.0,34.9497949,29.5569348
אילת,2600,2016,1,0.0,0.0,34.9497949,29.5569348
אילת,2600,2017,1,1.0,0.0,34.9497949,29.5569348
אילת,2600,2018,2,3.0,3.0,34.9497949,29.5569348
אילת,2600,2019,2,1.0,1.0,34.9497949,29.5569348
אילת,2600,2020,2,0.0,0.0,34.9497949,29.5569348
אילת,2600,2021,2,0.0,1.0,34.9497949,29.5569348
אילת,2600,2022,1,2.0,1.0,34.9497949,29.5569348
אשדוד,70,2005,0,0.0,0.0,34.64891361423561,31.7958896
אשדוד,70,2006,0,1.0,0.0,34.64891361423561,31.7958896
אשדוד,70,2007,1,1.0,1.0,34.64891361423561,31.7958896
אשדוד,70,2008,1,2.0,0.0,34.64891361423561,31.7958896
אשדוד,70,2009,3,4.0,1.0,34.64891361423561,31.7958896
אשדוד,70,2010,6,7.0,4.0,34.64891361423561,31.7958896
אשדוד,70,2011,9,11.0,4.0,34.64891361423561,31.7958896
אשדוד,70,2012,16,15.0,4.0,34.64891361423561,31.7958896
אשדוד,70,2013,27,24.0,6.0,34.64891361423561,31.7958896
אשדוד,70,2014,45,23.0,8.0,34.64891361423561,31.7958896
אשדוד,70,2015,60,58.0,14.0,34.64891361423561,31.7958896
אשדוד,70,2016,104,41.0,25.0,34.64891361423561,31.7958896
אשדוד,70,2017,120,44.0,22.0,34.64891361423561,31.7958896
אשדוד,70,2018,142,43.0,35.0,34.64891361423561,31.7958896
אשדוד,70,2019,150,44.0,23.0,34.64891361423561,31.7958896
אשדוד,70,2020,171,20.0,22.0,34.64891361423561,31.7958896
אשדוד,70,2021,169,12.0,24.0,34.64891361423561,31.7958896
אשדוד,70,2022,157,21.0,29.0,34.64891361423561,31.7958896
אשקלון,7100,2005,0,0.0,0.0,34.57404853627754,31.6687545
אשקלון,7100,2006,0,0.0,0.0,34.57404853627754,31.6687545
אשקלון,7100,2007,0,0.0,0.0,34.57404853627754,31.6687545
אשקלון,7100,2008,0,0.0,0.0,34.57404853627754,31.6687545
אשקלון,7100,2009,0,0.0,0.0,34.57404853627754,31.6687545
אשקלון,7100,2010,0,0.0,0.0,34.57404853627754,31.6687545
אשקלון,7100,2011,0,0.0,0.0,34.57404853627754,31.6687545
אשקלון,7100,2012,0,0.0,0.0,34.57404853627754,31.6687545
אשקלון,7100,2013,0,0.0,0.0,34.57404853627754,31.6687545
אשקלון,7100,2014,0,0.0,0.0,34.57404853627754,31.6687545
אשקלון,7100,2015,0,0.0,0.0,34.57404853627754,31.6687545
אשקלון,7100,2016,0,0.0,0.0,34.57404853627754,31.6687545
אשקלון,7100,2017,0,0.0,0.0,34.57404853627754,31.6687545
אשקלון,7100,2018,0,0.0,0.0,34.57404853627754,31.6687545
אשקלון,7100,2019,0,0.0,0.0,34.57404853627754,31.6687545
אשקלון,7100,2020,0,0.0,0.0,34.57404853627754,31.6687545
אשקלון,7100,2021,0,1.0,0.0,34.57404853627754,31.6687545
אשקלון,7100,2022,1,0.0,0.0,34.57404853627754,31.6687545
באר שבע,9000,2005,0,0.0,0.0,34.7925181,31.2457442
באר שבע,9000,2006,0,0.0,0.0,34.7925181,31.2457442
באר שבע,9000,2007,0,0.0,0.0,34.7925181,31.2457442
באר שבע,9000,2008,0,0.0,0.0,34.7925181,31.2457442
באר שבע,9000,2009,0,0.0,0.0,34.7925181,31.2457442
באר שבע,9000,2010,0,0.0,0.0,34.7925181,31.2457442
באר שבע,9000,2011,0,0.0,0.0,34.7925181,31.2457442
באר שבע,9000,2012,0,0.0,0.0,34.7925181,31.2457442
באר שבע,9000,2013,0,0.0,0.0,34.7925181,31.2457442
באר שבע,9000,2014,0,1.0,0.0,34.7925181,31.2457442
באר שבע,9000,2015,1,2.0,0.0,34.7925181,31.2457442
באר שבע,9000,2016,3,1.0,1.0,34.7925181,31.2457442
באר שבע,9000,2017,3,1.0,0.0,34.7925181,31.2457442
באר שבע,9000,2018,4,0.0,0.0,34.7925181,31.2457442
באר שבע,9000,2019,4,0.0,2.0,34.7925181,31.2457442
באר שבע,9000,2020,2,1.0,0.0,34.7925181,31.2457442
באר שבע,9000,2021,3,1.0,0.0,34.7925181,31.2457442
באר שבע,9000,2022,4,1.0,0.0,34.7925181,31.2457442
בית שאן,9200,2005,0,0.0,0.0,35.4973022,32.4967519
בית שאן,9200,2006,0,0.0,0.0,35.4973022,32.4967519
בית שאן,9200,2007,0,0.0,0.0,35.4973022,32.4967519
בית שאן,9200,2008,0,0.0,0.0,35.4973022,32.4967519
בית שאן,9200,2009,0,0.0,0.0,35.4973022,32.4967519
בית שאן,9200,2010,0,0.0,0.0,35.4973022,32.4967519
בית שאן,9200,2011,0,0.0,0.0,35.4973022,32.4967519
בית שאן,9200,2012,0,11.0,9.0,35.4973022,32.4967519
בית שאן,9200,2013,2,0.0,2.0,35.4973022,32.4967519
בית שאן,9200,2014,0,0.0,0.0,35.4973022,32.4967519
בית שאן,9200,2015,0,0.0,0.0,35.4973022,32.4967519
בית שאן,9200,2016,0,0.0,0.0,35.4973022,32.4967519
בית שאן,9200,2017,0,0.0,0.0,35.4973022,32.4967519
בית שאן,9200,2018,0,0.0,0.0,35.4973022,32.4967519
בית שאן,9200,2019,0,0.0,0.0,35.4973022,32.4967519
בית שאן,9200,2020,0,0.0,0.0,35.4973022,32.4967519
בית שאן,9200,2021,0,0.0,0.0,35.4973022,32.4967519
בית שאן,9200,2022,0,0.0,0.0,35.4973022,32.4967519
בית שמש,2610,2005,0,0.0,0.0,34.9886825,31.746214
בית שמש,2610,2006,0,0.0,0.0,34.9886825,31.746214
בית שמש,2610,2007,0,0.0,0.0,34.9886825,31.746214
בית שמש,2610,2008,0,0.0,0.0,34.9886825,31.746214
בית שמש,2610,2009,0,0.0,0.0,34.9886825,31.746214
בית שמש,2610,2010,0,0.0,0.0,34.9886825,31.746214
בית שמש,2610,2011,0,0.0,0.0,34.9886825,31.746214
בית שמש,2610,2012,0,0.0,0.0,34.9886825,31.746214
בית שמש,2610,2013,0,0.0,0.0,34.9886825,31.746214
בית שמש,2610,2014,0,0.0,0.0,34.9886825,31.746214
בית שמש,2610,2015,0,0.0,0.0,34.9886825,31.746214
בית שמש,2610,2016,0,0.0,0.0,34.9886825,31.746214
בית שמש,2610,2017,0,6.0,0.0,34.9886825,31.746214
בית שמש,2610,2018,6,0.0,0.0,34.9886825,31.746214
בית שמש,2610,2019,6,0.0,0.0,34.9886825,31.746214
בית שמש,2610,2020,6,0.0,0.0,34.9886825,31.746214
בית שמש,2610,2021,6,0.0,0.0,34.9886825,31.746214
בית שמש,2610,2022,6,0.0,4.0,34.9886825,31.746214
בני ברק,6100,2005,0,0.0,0.0,34.83421360499838,32.089
בני ברק,6100,2006,0,0.0,0.0,34.83421360499838,32.089
בני ברק,6100,2007,0,0.0,0.0,34.83421360499838,32.089
בני ברק,6100,2008,0,0.0,0.0,34.83421360499838,32.089
בני ברק,6100,2009,0,0.0,0.0,34.83421360499838,32.089
בני ברק,6100,2010,0,0.0,0.0,34.83421360499838,32.089
בני ברק,6100,2011,0,3.0,0.0,34.83421360499838,32.089
בני ברק,6100,2012,3,10.0,1.0,34.83421360499838,32.089
בני ברק,6100,2013,12,25.0,14.0,34.83421360499838,32.089
בני ברק,6100,2014,23,43.0,18.0,34.83421360499838,32.089
בני ברק,6100,2015,48,33.0,18.0,34.83421360499838,32.089
בני ברק,6100,2016,63,14.0,31.0,34.83421360499838,32.089
בני ברק,6100,2017,46,18.0,22.0,34.83421360499838,32.089
בני ברק,6100,2018,42,23.0,15.0,34.83421360499838,32.089
בני ברק,6100,2019,50,20.0,14.0,34.83421360499838,32.089
בני ברק,6100,2020,56,26.0,15.0,34.83421360499838,32.089
בני ברק,6100,2021,67,97.0,19.0,34.83421360499838,32.089
בני ברק,6100,2022,145,5.0,21.0,34.83421360499838,32.089
בסמת טבעון,944,2005,0,0.0,0.0,35.1546502,32.7362276
בסמת טבעון,944,2006,0,0.0,0.0,35.1546502,32.7362276
בסמת טבעון,944,2007,0,0.0,0.0,35.1546502,32.7362276
בסמת טבעון,944,2008,0,0.0,0.0,35.1546502,32.7362276
בסמת טבעון,944,2009,0,0.0,0.0,35.1546502,32.7362276
בסמת טבעון,944,2010,0,0.0,0.0,35.1546502,32.7362276
בסמת טבעון,944,2011,0,0.0,0.0,35.1546502,32.7362276
בסמת טבעון,944,2012,0,0.0,0.0,35.1546502,32.7362276
בסמת טבעון,944,2013,0,0.0,0.0,35.1546502,32.7362276
בסמת טבעון,944,2014,0,0.0,0.0,35.1546502,32.7362276
בסמת טבעון,944,2015,0,0.0,0.0,35.1546502,32.7362276
בסמת טבעון,944,2016,0,0.0,0.0,35.1546502,32.7362276
בסמת טבעון,944,2017,0,0.0,0.0,35.1546502,32.7362276
בסמת טבעון,944,2018,0,0.0,0.0,35.1546502,32.7362276
בסמת טבעון,944,2019,0,0.0,0.0,35.1546502,32.7362276
בסמת טבעון,944,2020,0,0.0,0.0,35.1546502,32.7362276
בסמת טבעון,944,2021,0,1.0,0.0,35.1546502,32.7362276
בסמת טבעון,944,2022,1,0.0,0.0,35.1546502,32.7362276
בת ים,6200,2005,0,0.0,0.0,34.7505283,32.0154565
בת ים,6200,2006,0,0.0,0.0,34.7505283,32.0154565
בת ים,6200,2007,0,2.0,0.0,34.7505283,32.0154565
בת ים,6200,2008,2,1.0,2.0,34.7505283,32.0154565
בת ים,6200,2009,1,2.0,0.0,34.7505283,32.0154565
בת ים,6200,2010,3,7.0,0.0,34.7505283,32.0154565
בת ים,6200,2011,10,7.0,2.0,34.7505283,32.0154565
בת ים,6200,2012,15,22.0,4.0,34.7505283,32.0154565
בת ים,6200,2013,33,26.0,7.0,34.7505283,32.0154565
בת ים,6200,2014,52,32.0,5.0,34.7505283,32.0154565
בת ים,6200,2015,79,23.0,13.0,34.7505283,32.0154565
בת ים,6200,2016,89,25.0,11.0,34.7505283,32.0154565
בת ים,6200,2017,103,58.0,18.0,34.7505283,32.0154565
בת ים,6200,2018,143,74.0,13.0,34.7505283,32.0154565
בת ים,6200,2019,204,67.0,15.0,34.7505283,32.0154565
בת ים,6200,2020,256,56.0,13.0,34.7505283,32.0154565
בת ים,6200,2021,299,26.0,13.0,34.7505283,32.0154565
בת ים,6200,2022,312,13.0,19.0,34.7505283,32.0154565
גבעת שמואל,681,2005,0,0.0,0.0,34.8524656,32.0769463
גבעת שמואל,681,2006,0,0.0,0.0,34.8524656,32.0769463
גבעת שמואל,681,2007,0,0.0,0.0,34.8524656,32.0769463
גבעת שמואל,681,2008,0,0.0,0.0,34.8524656,32.0769463
גבעת שמואל,681,2009,0,0.0,0.0,34.8524656,32.0769463
גבעת שמואל,681,2010,0,0.0,0.0,34.8524656,32.0769463
גבעת שמואל,681,2011,0,0.0,0.0,34.8524656,32.0769463
גבעת שמואל,681,2012,0,0.0,0.0,34.8524656,32.0769463
גבעת שמואל,681,2013,0,0.0,0.0,34.8524656,32.0769463
גבעת שמואל,681,2014,0,2.0,0.0,34.8524656,32.0769463
גבעת שמואל,681,2015,2,0.0,0.0,34.8524656,32.0769463
גבעת שמואל,681,2016,2,0.0,1.0,34.8524656,32.0769463
גבעת שמואל,681,2017,1,1.0,0.0,34.8524656,32.0769463
גבעת שמואל,681,2018,2,0.0,0.0,34.8524656,32.0769463
גבעת שמואל,681,2019,2,0.0,0.0,34.8524656,32.0769463
גבעת שמואל,681,2020,2,0.0,1.0,34.8524656,32.0769463
גבעת שמואל,681,2021,1,0.0,0.0,34.8524656,32.0769463
גבעת שמואל,681,2022,1,0.0,0.0,34.8524656,32.0769463
גבעתים,6300,2005,0,0.0,0.0,,
גבעתים,6300,2006,0,0.0,0.0,,
גבעתים,6300,2007,0,1.0,0.0,,
גבעתים,6300,2008,1,1.0,1.0,,
גבעתים,6300,2009,1,1.0,0.0,,
גבעתים,6300,2010,2,10.0,1.0,,
גבעתים,6300,2011,11,8.0,2.0,,
גבעתים,6300,2012,17,10.0,6.0,,
גבעתים,6300,2013,21,36.0,5.0,,
גבעתים,6300,2014,52,36.0,10.0,,
גבעתים,6300,2015,78,47.0,9.0,,
גבעתים,6300,2016,116,40.0,15.0,,
גבעתים,6300,2017,141,27.0,11.0,,
גבעתים,6300,2018,157,1.0,26.0,,
גבעתים,6300,2019,132,8.0,19.0,,
גבעתים,6300,2020,121,3.0,9.0,,
גבעתים,6300,2021,115,1.0,8.0,,
גבעתים,6300,2022,108,1.0,10.0,,
גדרה,2550,2005,0,0.0,0.0,34.7803882,31.8117747
גדרה,2550,2006,0,0.0,0.0,34.7803882,31.8117747
גדרה,2550,2007,0,0.0,0.0,34.7803882,31.8117747
גדרה,2550,2008,0,0.0,0.0,34.7803882,31.8117747
גדרה,2550,2009,0,0.0,0.0,34.7803882,31.8117747
גדרה,2550,2010,0,0.0,0.0,34.7803882,31.8117747
גדרה,2550,2011,0,0.0,0.0,34.7803882,31.8117747
גדרה,2550,2012,0,0.0,0.0,34.7803882,31.8117747
גדרה,2550,2013,0,0.0,0.0,34.7803882,31.8117747
גדרה,2550,2014,0,0.0,0.0,34.7803882,31.8117747
גדרה,2550,2015,0,0.0,0.0,34.7803882,31.8117747
גדרה,2550,2016,0,2.0,0.0,34.7803882,31.8117747
גדרה,2550,2017,2,1.0,0.0,34.7803882,31.8117747
גדרה,2550,2018,3,0.0,0.0,34.7803882,31.8117747
גדרה,2550,2019,3,0.0,0.0,34.7803882,31.8117747
גדרה,2550,2020,3,0.0,1.0,34.7803882,31.8117747
גדרה,2550,2021,2,0.0,0.0,34.7803882,31.8117747
גדרה,2550,2022,2,0.0,0.0,34.7803882,31.8117747
גן יבנה,166,2005,0,0.0,0.0,34.70026297767875,31.79035865
גן יבנה,166,2006,0,0.0,0.0,34.70026297767875,31.79035865
גן יבנה,166,2007,0,0.0,0.0,34.70026297767875,31.79035865
גן יבנה,166,2008,0,0.0,0.0,34.70026297767875,31.79035865
גן יבנה,166,2009,0,0.0,0.0,34.70026297767875,31.79035865
גן יבנה,166,2010,0,0.0,0.0,34.70026297767875,31.79035865
גן יבנה,166,2011,0,0.0,0.0,34.70026297767875,31.79035865
גן יבנה,166,2012,0,0.0,0.0,34.70026297767875,31.79035865
גן יבנה,166,2013,0,0.0,0.0,34.70026297767875,31.79035865
גן יבנה,166,2014,0,0.0,0.0,34.70026297767875,31.79035865
גן יבנה,166,2015,0,0.0,0.0,34.70026297767875,31.79035865
גן יבנה,166,2016,0,0.0,0.0,34.70026297767875,31.79035865
גן יבנה,166,2017,0,0.0,0.0,34.70026297767875,31.79035865
גן יבנה,166,2018,0,0.0,0.0,34.70026297767875,31.79035865
גן יבנה,166,2019,0,1.0,0.0,34.70026297767875,31.79035865
גן יבנה,166,2020,1,0.0,0.0,34.70026297767875,31.79035865
גן יבנה,166,2021,1,0.0,0.0,34.70026297767875,31.79035865
גן יבנה,166,2022,1,0.0,1.0,34.70026297767875,31.79035865
גני תקוה,229,2005,0,0.0,0.0,34.9107676,32.0693725
גני תקוה,229,2006,0,0.0,0.0,34.9107676,32.0693725
גני תקוה,229,2007,0,0.0,0.0,34.9107676,32.0693725
גני תקוה,229,2008,0,0.0,0.0,34.9107676,32.0693725
גני תקוה,229,2009,0,0.0,0.0,34.9107676,32.0693725
גני תקוה,229,2010,0,0.0,0.0,34.9107676,32.0693725
גני תקוה,229,2011,0,0.0,0.0,34.9107676,32.0693725
גני תקוה,229,2012,0,0.0,0.0,34.9107676,32.0693725
גני תקוה,229,2013,0,1.0,0.0,34.9107676,32.0693725
גני תקוה,229,2014,1,2.0,1.0,34.9107676,32.0693725
גני תקוה,229,2015,2,0.0,1.0,34.9107676,32.0693725
גני תקוה,229,2016,1,2.0,0.0,34.9107676,32.0693725
גני תקוה,229,2017,3,1.0,0.0,34.9107676,32.0693725
גני תקוה,229,2018,4,1.0,0.0,34.9107676,32.0693725
גני תקוה,229,2019,5,0.0,0.0,34.9107676,32.0693725
גני תקוה,229,2020,5,0.0,0.0,34.9107676,32.0693725
גני תקוה,229,2021,5,0.0,1.0,34.9107676,32.0693725
גני תקוה,229,2022,4,0.0,0.0,34.9107676,32.0693725
דימונה,2200,2005,0,0.0,0.0,35.12590524860963,31.01916165
דימונה,2200,2006,0,0.0,0.0,35.12590524860963,31.01916165
דימונה,2200,2007,0,0.0,0.0,35.12590524860963,31.01916165
דימונה,2200,2008,0,0.0,0.0,35.12590524860963,31.01916165
דימונה,2200,2009,0,0.0,0.0,35.12590524860963,31.01916165
דימונה,2200,2010,0,0.0,0.0,35.12590524860963,31.01916165
דימונה,2200,2011,0,0.0,0.0,35.12590524860963,31.01916165
דימונה,2200,2012,0,0.0,0.0,35.12590524860963,31.01916165
דימונה,2200,2013,0,0.0,0.0,35.12590524860963,31.01916165
דימונה,2200,2014,0,0.0,0.0,35.12590524860963,31.01916165
דימונה,2200,2015,0,5.0,0.0,35.12590524860963,31.01916165
דימונה,2200,2016,5,0.0,0.0,35.12590524860963,31.01916165
דימונה,2200,2017,5,0.0,0.0,35.12590524860963,31.01916165
דימונה,2200,2018,5,0.0,0.0,35.12590524860963,31.01916165
דימונה,2200,2019,5,0.0,0.0,35.12590524860963,31.01916165
דימונה,2200,2020,5,0.0,0.0,35.12590524860963,31.01916165
דימונה,2200,2021,5,0.0,5.0,35.12590524860963,31.01916165
דימונה,2200,2022,0,0.0,0.0,35.12590524860963,31.01916165
הוד השרון,9700,2005,0,0.0,0.0,34.8930354,32.1561974
הוד השרון,9700,2006,0,0.0,0.0,34.8930354,32.1561974
הוד השרון,9700,2007,0,0.0,0.0,34.8930354,32.1561974
הוד השרון,9700,2008,0,0.0,0.0,34.8930354,32.1561974
הוד השרון,9700,2009,0,1.0,0.0,34.8930354,32.1561974
הוד השרון,9700,2010,1,5.0,1.0,34.8930354,32.1561974
הוד השרון,9700,2011,5,3.0,3.0,34.8930354,32.1561974
הוד השרון,9700,2012,5,6.0,3.0,34.8930354,32.1561974
הוד השרון,9700,2013,8,6.0,0.0,34.8930354,32.1561974
הוד השרון,9700,2014,14,9.0,3.0,34.8930354,32.1561974
הוד השרון,9700,2015,20,11.0,5.0,34.8930354,32.1561974
הוד השרון,9700,2016,26,5.0,6.0,34.8930354,32.1561974
הוד השרון,9700,2017,25,3.0,6.0,34.8930354,32.1561974
הוד השרון,9700,2018,22,4.0,3.0,34.8930354,32.1561974
הוד השרון,9700,2019,23,0.0,6.0,34.8930354,32.1561974
הוד השרון,9700,2020,17,4.0,4.0,34.8930354,32.1561974
הוד השרון,9700,2021,17,4.0,0.0,34.8930354,32.1561974
הוד השרון,9700,2022,21,2.0,2.0,34.8930354,32.1561974
הרצליה,6400,2005,0,0.0,0.0,34.83082794429146,32.1676842
הרצליה,6400,2006,0,1.0,0.0,34.83082794429146,32.1676842
הרצליה,6400,2007,1,2.0,1.0,34.83082794429146,32.1676842
הרצליה,6400,2008,2,1.0,1.0,34.83082794429146,32.1676842
הרצליה,6400,2009,2,3.0,0.0,34.83082794429146,32.1676842
הרצליה,6400,2010,5,17.0,0.0,34.83082794429146,32.1676842
הרצליה,6400,2011,22,11.0,12.0,34.83082794429146,32.1676842
הרצליה,6400,2012,21,13.0,5.0,34.83082794429146,32.1676842
הרצליה,6400,2013,29,44.0,15.0,34.83082794429146,32.1676842
הרצליה,6400,2014,58,69.0,17.0,34.83082794429146,32.1676842
הרצליה,6400,2015,110,22.0,29.0,34.83082794429146,32.1676842
הרצליה,6400,2016,103,31.0,29.0,34.83082794429146,32.1676842
הרצליה,6400,2017,105,41.0,20.0,34.83082794429146,32.1676842
הרצליה,6400,2018,126,34.0,23.0,34.83082794429146,32.1676842
הרצליה,6400,2019,137,13.0,30.0,34.83082794429146,32.1676842
הרצליה,6400,2020,120,10.0,8.0,34.83082794429146,32.1676842
הרצליה,6400,2021,122,4.0,10.0,34.83082794429146,32.1676842
הרצליה,6400,2022,116,0.0,11.0,34.83082794429146,32.1676842
זכרון יעקב,9300,2005,0,0.0,0.0,34.967999084460715,32.5649531
זכרון יעקב,9300,2006,0,0.0,0.0,34.967999084460715,32.5649531
זכרון יעקב,9300,2007,0,0.0,0.0,34.967999084460715,32.5649531
זכרון יעקב,9300,2008,0,0.0,0.0,34.967999084460715,32.5649531
זכרון יעקב,9300,2009,0,0.0,0.0,34.967999084460715,32.5649531
זכרון יעקב,9300,2010,0,0.0,0.0,34.967999084460715,32.5649531
זכרון יעקב,9300,2011,0,0.0,0.0,34.967999084460715,32.5649531
זכרון יעקב,9300,2012,0,1.0,0.0,34.967999084460715,32.5649531
זכרון יעקב,9300,2013,1,1.0,0.0,34.967999084460715,32.5649531
זכרון יעקב,9300,2014,2,0.0,0.0,34.967999084460715,32.5649531
זכרון יעקב,9300,2015,2,3.0,1.0,34.967999084460715,32.5649531
זכרון יעקב,9300,2016,4,1.0,1.0,34.967999084460715,32.5649531
זכרון יעקב,9300,2017,4,2.0,2.0,34.967999084460715,32.5649531
זכרון יעקב,9300,2018,4,4.0,2.0,34.967999084460715,32.5649531
זכרון יעקב,9300,2019,6,3.0,1.0,34.967999084460715,32.5649531
זכרון יעקב,9300,2020,8,0.0,2.0,34.967999084460715,32.5649531
זכרון יעקב,9300,2021,6,1.0,0.0,34.967999084460715,32.5649531
זכרון יעקב,9300,2022,7,0.0,0.0,34.967999084460715,32.5649531
חדרה,6500,2005,0,0.0,0.0,34.9198258,32.43699
חדרה,6500,2006,0,0.0,0.0,34.9198258,32.43699
חדרה,6500,2007,0,0.0,0.0,34.9198258,32.43699
חדרה,6500,2008,0,1.0,0.0,34.9198258,32.43699
חדרה,6500,2009,1,1.0,0.0,34.9198258,32.43699
חדרה,6500,2010,2,0.0,1.0,34.9198258,32.43699
חדרה,6500,2011,1,0.0,0.0,34.9198258,32.43699
חדרה,6500,2012,1,2.0,0.0,34.9198258,32.43699
חדרה,6500,2013,3,9.0,1.0,34.9198258,32.43699
חדרה,6500,2014,11,16.0,3.0,34.9198258,32.43699
חדרה,6500,2015,24,20.0,7.0,34.9198258,32.43699
חדרה,6500,2016,37,5.0,13.0,34.9198258,32.43699
חדרה,6500,2017,29,3.0,3.0,34.9198258,32.43699
חדרה,6500,2018,29,2.0,5.0,34.9198258,32.43699
חדרה,6500,2019,26,2.0,2.0,34.9198258,32.43699
חדרה,6500,2020,26,2.0,3.0,34.9198258,32.43699
חדרה,6500,2021,25,0.0,2.0,34.9198258,32.43699
חדרה,6500,2022,23,1.0,0.0,34.9198258,32.43699
חולון,6600,2005,0,0.0,0.0,34.78595635978459,32.01599895
חולון,6600,2006,0,0.0,0.0,34.78595635978459,32.01599895
חולון,6600,2007,0,0.0,0.0,34.78595635978459,32.01599895
חולון,6600,2008,0,1.0,0.0,34.78595635978459,32.01599895
חולון,6600,2009,1,1.0,1.0,34.78595635978459,32.01599895
חולון,6600,2010,1,2.0,0.0,34.78595635978459,32.01599895
חולון,6600,2011,3,11.0,0.0,34.78595635978459,32.01599895
חולון,6600,2012,14,5.0,2.0,34.78595635978459,32.01599895
חולון,6600,2013,17,31.0,2.0,34.78595635978459,32.01599895
חולון,6600,2014,46,38.0,13.0,34.78595635978459,32.01599895
חולון,6600,2015,71,73.0,21.0,34.78595635978459,32.01599895
חולון,6600,2016,123,54.0,23.0,34.78595635978459,32.01599895
חולון,6600,2017,154,36.0,30.0,34.78595635978459,32.01599895
חולון,6600,2018,160,12.0,45.0,34.78595635978459,32.01599895
חולון,6600,2019,127,27.0,33.0,34.78595635978459,32.01599895
חולון,6600,2020,121,11.0,19.0,34.78595635978459,32.01599895
חולון,6600,2021,113,2.0,17.0,34.78595635978459,32.01599895
חולון,6600,2022,98,11.0,14.0,34.78595635978459,32.01599895
חיפה,4000,2005,0,0.0,0.0,34.9983856,32.8191218
חיפה,4000,2006,0,4.0,1.0,34.9983856,32.8191218
חיפה,4000,2007,3,6.0,0.0,34.9983856,32.8191218
חיפה,4000,2008,9,4.0,1.0,34.9983856,32.8191218
חיפה,4000,2009,12,15.0,3.0,34.9983856,32.8191218
חיפה,4000,2010,24,8.0,5.0,34.9983856,32.8191218
חיפה,4000,2011,27,32.0,5.0,34.9983856,32.8191218
חיפה,4000,2012,54,52.0,12.0,34.9983856,32.8191218
חיפה,4000,2013,94,67.0,17.0,34.9983856,32.8191218
חיפה,4000,2014,144,118.0,30.0,34.9983856,32.8191218
חיפה,4000,2015,232,127.0,47.0,34.9983856,32.8191218
חיפה,4000,2016,312,93.0,56.0,34.9983856,32.8191218
חיפה,4000,2017,349,55.0,62.0,34.9983856,32.8191218
חיפה,4000,2018,342,40.0,58.0,34.9983856,32.8191218
חיפה,4000,2019,324,60.0,35.0,34.9983856,32.8191218
חיפה,4000,2020,349,76.0,37.0,34.9983856,32.8191218
חיפה,4000,2021,388,47.0,59.0,34.9983856,32.8191218
חיפה,4000,2022,376,39.0,29.0,34.9983856,32.8191218
טבריה,6700,2005,0,0.0,0.0,35.520605941555814,32.782996
טבריה,6700,2006,0,0.0,0.0,35.520605941555814,32.782996
טבריה,6700,2007,0,0.0,0.0,35.520605941555814,32.782996
טבריה,6700,2008,0,0.0,0.0,35.520605941555814,32.782996
טבריה,6700,2009,0,0.0,0.0,35.520605941555814,32.782996
טבריה,6700,2010,0,0.0,0.0,35.520605941555814,32.782996
טבריה,6700,2011,0,0.0,0.0,35.520605941555814,32.782996
טבריה,6700,2012,0,16.0,14.0,35.520605941555814,32.782996
טבריה,6700,2013,2,3.0,4.0,35.520605941555814,32.782996
טבריה,6700,2014,1,1.0,1.0,35.520605941555814,32.782996
טבריה,6700,2015,1,0.0,0.0,35.520605941555814,32.782996
טבריה,6700,2016,1,1.0,1.0,35.520605941555814,32.782996
טבריה,6700,2017,1,7.0,3.0,35.520605941555814,32.782996
טבריה,6700,2018,5,3.0,2.0,35.520605941555814,32.782996
טבריה,6700,2019,6,4.0,5.0,35.520605941555814,32.782996
טבריה,6700,2020,5,3.0,1.0,35.520605941555814,32.782996
טבריה,6700,2021,7,4.0,2.0,35.520605941555814,32.782996
טבריה,6700,2022,9,2.0,0.0,35.520605941555814,32.782996
טירת כרמל,2100,2005,0,0.0,0.0,34.9715506,32.7613834
טירת כרמל,2100,2006,0,0.0,0.0,34.9715506,32.7613834
טירת כרמל,2100,2007,0,0.0,0.0,34.9715506,32.7613834
טירת כרמל,2100,2008,0,0.0,0.0,34.9715506,32.7613834
טירת כרמל,2100,2009,0,0.0,0.0,34.9715506,32.7613834
טירת כרמל,2100,2010,0,0.0,0.0,34.9715506,32.7613834
טירת כרמל,2100,2011,0,0.0,0.0,34.9715506,32.7613834
טירת כרמל,2100,2012,0,1.0,0.0,34.9715506,32.7613834
טירת כרמל,2100,2013,1,1.0,1.0,34.9715506,32.7613834
טירת כרמל,2100,2014,1,2.0,0.0,34.9715506,32.7613834
טירת כרמל,2100,2015,3,0.0,1.0,34.9715506,32.7613834
טירת כרמל,2100,2016,2,1.0,0.0,34.9715506,32.7613834
טירת כרמל,2100,2017,3,0.0,0.0,34.9715506,32.7613834
טירת כרמל,2100,2018,3,4.0,1.0,34.9715506,32.7613834
טירת כרמל,2100,2019,6,1.0,1.0,34.9715506,32.7613834
טירת כרמל,2100,2020,6,4.0,0.0,34.9715506,32.7613834
טירת כרמל,2100,2021,10,1.0,2.0,34.9715506,32.7613834
טירת כרמל,2100,2022,9,2.0,2.0,34.9715506,32.7613834
יבנה,2660,2005,0,0.0,0.0,34.7382974,31.8768863
יבנה,2660,2006,0,0.0,0.0,34.7382974,31.8768863
יבנה,2660,2007,0,1.0,0.0,34.7382974,31.8768863
יבנה,2660,2008,1,0.0,0.0,34.7382974,31.8768863
יבנה,2660,2009,1,0.0,0.0,34.7382974,31.8768863
יבנה,2660,2010,1,0.0,0.0,34.7382974,31.8768863
יבנה,2660,2011,1,1.0,0.0,34.7382974,31.8768863
יבנה,2660,2012,2,0.0,0.0,34.7382974,31.8768863
יבנה,2660,2013,2,3.0,1.0,34.7382974,31.8768863
יבנה,2660,2014,4,5.0,0.0,34.7382974,31.8768863
יבנה,2660,2015,9,4.0,3.0,34.7382974,31.8768863
יבנה,2660,2016,10,0.0,1.0,34.7382974,31.8768863
יבנה,2660,2017,9,0.0,6.0,34.7382974,31.8768863
יבנה,2660,2018,3,9.0,0.0,34.7382974,31.8768863
יבנה,2660,2019,12,3.0,1.0,34.7382974,31.8768863
יבנה,2660,2020,14,0.0,0.0,34.7382974,31.8768863
יבנה,2660,2021,14,5.0,2.0,34.7382974,31.8768863
יבנה,2660,2022,17,1.0,7.0,34.7382974,31.8768863
יהוד,9400,2005,0,0.0,0.0,34.88778200199643,32.0330659
יהוד,9400,2006,0,0.0,0.0,34.88778200199643,32.0330659
יהוד,9400,2007,0,0.0,0.0,34.88778200199643,32.0330659
יהוד,9400,2008,0,0.0,0.0,34.88778200199643,32.0330659
יהוד,9400,2009,0,0.0,0.0,34.88778200199643,32.0330659
יהוד,9400,2010,0,1.0,0.0,34.88778200199643,32.0330659
יהוד,9400,2011,1,2.0,0.0,34.88778200199643,32.0330659
יהוד,9400,2012,3,3.0,1.0,34.88778200199643,32.0330659
יהוד,9400,2013,5,0.0,1.0,34.88778200199643,32.0330659
יהוד,9400,2014,4,1.0,1.0,34.88778200199643,32.0330659
יהוד,9400,2015,4,0.0,1.0,34.88778200199643,32.0330659
יהוד,9400,2016,3,2.0,0.0,34.88778200199643,32.0330659
יהוד,9400,2017,5,1.0,1.0,34.88778200199643,32.0330659
יהוד,9400,2018,5,0.0,2.0,34.88778200199643,32.0330659
יהוד,9400,2019,3,0.0,1.0,34.88778200199643,32.0330659
יהוד,9400,2020,2,0.0,0.0,34.88778200199643,32.0330659
יהוד,9400,2021,2,2.0,0.0,34.88778200199643,32.0330659
יהוד,9400,2022,4,1.0,0.0,34.88778200199643,32.0330659
יקנעם עילית,240,2005,0,0.0,0.0,35.09980553528567,32.655224849999996
יקנעם עילית,240,2006,0,0.0,0.0,35.09980553528567,32.655224849999996
יקנעם עילית,240,2007,0,0.0,0.0,35.09980553528567,32.655224849999996
יקנעם עילית,240,2008,0,0.0,0.0,35.09980553528567,32.655224849999996
יקנעם עילית,240,2009,0,0.0,0.0,35.09980553528567,32.655224849999996
יקנעם עילית,240,2010,0,0.0,0.0,35.09980553528567,32.655224849999996
יקנעם עילית,240,2011,0,0.0,0.0,35.09980553528567,32.655224849999996
יקנעם עילית,240,2012,0,0.0,0.0,35.09980553528567,32.655224849999996
יקנעם עילית,240,2013,0,0.0,0.0,35.09980553528567,32.655224849999996
יקנעם עילית,240,2014,0,0.0,0.0,35.09980553528567,32.655224849999996
יקנעם עילית,240,2015,0,0.0,0.0,35.09980553528567,32.655224849999996
יקנעם עילית,240,2016,0,0.0,0.0,35.09980553528567,32.655224849999996
יקנעם עילית,240,2017,0,0.0,0.0,35.09980553528567,32.655224849999996
יקנעם עילית,240,2018,0,0.0,0.0,35.09980553528567,32.655224849999996
יקנעם עילית,240,2019,0,0.0,0.0,35.09980553528567,32.655224849999996
יקנעם עילית,240,2020,0,0.0,0.0,35.09980553528567,32.655224849999996
יקנעם עילית,240,2021,0,0.0,0.0,35.09980553528567,32.655224849999996
יקנעם עילית,240,2022,0,0.0,0.0,35.09980553528567,32.655224849999996
ירושלים,3000,2005,0,0.0,0.0,35.2257626,31.7788242
ירושלים,3000,2006,0,1.0,0.0,35.2257626,31.7788242
ירושלים,3000,2007,1,0.0,0.0,35.2257626,31.7788242
ירושלים,3000,2008,1,1.0,0.0,35.2257626,31.7788242
ירושלים,3000,2009,2,2.0,0.0,35.2257626,31.7788242
ירושלים,3000,2010,4,4.0,0.0,35.2257626,31.7788242
ירושלים,3000,2011,8,6.0,1.0,35.2257626,31.7788242
ירושלים,3000,2012,13,6.0,7.0,35.2257626,31.7788242
ירושלים,3000,2013,12,13.0,3.0,35.2257626,31.7788242
ירושלים,3000,2014,22,30.0,6.0,35.2257626,31.7788242
ירושלים,3000,2015,46,52.0,17.0,35.2257626,31.7788242
ירושלים,3000,2016,81,71.0,21.0,35.2257626,31.7788242
ירושלים,3000,2017,131,67.0,37.0,35.2257626,31.7788242
ירושלים,3000,2018,161,65.0,36.0,35.2257626,31.7788242
ירושלים,3000,2019,190,92.0,66.0,35.2257626,31.7788242
ירושלים,3000,2020,216,75.0,47.0,35.2257626,31.7788242
ירושלים,3000,2021,244,87.0,57.0,35.2257626,31.7788242
ירושלים,3000,2022,274,55.0,57.0,35.2257626,31.7788242
כפר סבא,6900,2005,0,0.0,0.0,34.907459,32.1773471
כפר סבא,6900,2006,0,3.0,0.0,34.907459,32.1773471
כפר סבא,6900,2007,3,1.0,0.0,34.907459,32.1773471
כפר סבא,6900,2008,4,6.0,2.0,34.907459,32.1773471
כפר סבא,6900,2009,8,4.0,0.0,34.907459,32.1773471
כפר סבא,6900,2010,12,1.0,2.0,34.907459,32.1773471
כפר סבא,6900,2011,11,4.0,3.0,34.907459,32.1773471
כפר סבא,6900,2012,12,6.0,1.0,34.907459,32.1773471
כפר סבא,6900,2013,17,8.0,2.0,34.907459,32.1773471
כפר סבא,6900,2014,23,16.0,3.0,34.907459,32.1773471
כפר סבא,6900,2015,36,18.0,5.0,34.907459,32.1773471
כפר סבא,6900,2016,49,9.0,13.0,34.907459,32.1773471
כפר סבא,6900,2017,45,2.0,11.0,34.907459,32.1773471
כפר סבא,6900,2018,36,9.0,7.0,34.907459,32.1773471
כפר סבא,6900,2019,38,12.0,6.0,34.907459,32.1773471
כפר סבא,6900,2020,44,12.0,4.0,34.907459,32.1773471
כפר סבא,6900,2021,52,8.0,9.0,34.907459,32.1773471
כפר סבא,6900,2022,51,5.0,6.0,34.907459,32.1773471
כפר שמריהו,267,2005,0,0.0,0.0,34.8197755,32.1853666
כפר שמריהו,267,2006,0,0.0,0.0,34.8197755,32.1853666
כפר שמריהו,267,2007,0,0.0,0.0,34.8197755,32.1853666
כפר שמריהו,267,2008,0,0.0,0.0,34.8197755,32.1853666
כפר שמריהו,267,2009,0,0.0,0.0,34.8197755,32.1853666
כפר שמריהו,267,2010,0,0.0,0.0,34.8197755,32.1853666
כפר שמריהו,267,2011,0,0.0,0.0,34.8197755,32.1853666
כפר שמריהו,267,2012,0,0.0,0.0,34.8197755,32.1853666
כפר שמריהו,267,2013,0,0.0,0.0,34.8197755,32.1853666
כפר שמריהו,267,2014,0,0.0,0.0,34.8197755,32.1853666
כפר שמריהו,267,2015,0,0.0,0.0,34.8197755,32.1853666
כפר שמריהו,267,2016,0,0.0,0.0,34.8197755,32.1853666
כפר שמריהו,267,2017,0,0.0,0.0,34.8197755,32.1853666
כפר שמריהו,267,2018,0,0.0,0.0,34.8197755,32.1853666
כפר שמריהו,267,2019,0,0.0,0.0,34.8197755,32.1853666
כפר שמריהו,267,2020,0,0.0,0.0,34.8197755,32.1853666
כפר שמריהו,267,2021,0,0.0,0.0,34.8197755,32.1853666
כפר שמריהו,267,2022,0,0.0,0.0,34.8197755,32.1853666
כרמיאל,1139,2005,0,0.0,0.0,35.293429,32.9159104
כרמיאל,1139,2006,0,0.0,0.0,35.293429,32.9159104
כרמיאל,1139,2007,0,0.0,0.0,35.293429,32.9159104
כרמיאל,1139,2008,0,0.0,0.0,35.293429,32.9159104
כרמיאל,1139,2009,0,0.0,0.0,35.293429,32.9159104
כרמיאל,1139,2010,0,0.0,0.0,35.293429,32.9159104
כרמיאל,1139,2011,0,0.0,0.0,35.293429,32.9159104
כרמיאל,1139,2012,0,1.0,0.0,35.293429,32.9159104
כרמיאל,1139,2013,1,0.0,0.0,35.293429,32.9159104
כרמיאל,1139,2014,1,0.0,0.0,35.293429,32.9159104
כרמיאל,1139,2015,1,0.0,0.0,35.293429,32.9159104
כרמיאל,1139,2016,1,0.0,0.0,35.293429,32.9159104
כרמיאל,1139,2017,1,0.0,0.0,35.293429,32.9159104
כרמיאל,1139,2018,1,0.0,0.0,35.293429,32.9159104
כרמיאל,1139,2019,1,0.0,0.0,35.293429,32.9159104
כרמיאל,1139,2020,1,1.0,0.0,35.293429,32.9159104
כרמיאל,1139,2021,2,0.0,0.0,35.293429,32.9159104
כרמיאל,1139,2022,2,1.0,1.0,35.293429,32.9159104
לוד,7000,2005,0,0.0,0.0,34.89028367347144,31.953371150000002
לוד,7000,2006,0,0.0,0.0,34.89028367347144,31.953371150000002
לוד,7000,2007,0,0.0,0.0,34.89028367347144,31.953371150000002
לוד,7000,2008,0,0.0,0.0,34.89028367347144,31.953371150000002
לוד,7000,2009,0,0.0,0.0,34.89028367347144,31.953371150000002
לוד,7000,2010,0,0.0,0.0,34.89028367347144,31.953371150000002
לוד,7000,2011,0,0.0,0.0,34.89028367347144,31.953371150000002
לוד,7000,2012,0,0.0,0.0,34.89028367347144,31.953371150000002
לוד,7000,2013,0,2.0,0.0,34.89028367347144,31.953371150000002
לוד,7000,2014,2,0.0,0.0,34.89028367347144,31.953371150000002
לוד,7000,2015,2,0.0,0.0,34.89028367347144,31.953371150000002
לוד,7000,2016,2,1.0,2.0,34.89028367347144,31.953371150000002
לוד,7000,2017,1,0.0,0.0,34.89028367347144,31.953371150000002
לוד,7000,2018,1,0.0,1.0,34.89028367347144,31.953371150000002
לוד,7000,2019,0,1.0,0.0,34.89028367347144,31.953371150000002
לוד,7000,2020,1,2.0,0.0,34.89028367347144,31.953371150000002
לוד,7000,2021,3,0.0,0.0,34.89028367347144,31.953371150000002
לוד,7000,2022,3,0.0,0.0,34.89028367347144,31.953371150000002
מזכרת בתיה,28,2005,0,0.0,0.0,34.8411635,31.8514378
מזכרת בתיה,28,2006,0,0.0,0.0,34.8411635,31.8514378
מזכרת בתיה,28,2007,0,0.0,0.0,34.8411635,31.8514378
מזכרת בתיה,28,2008,0,0.0,0.0,34.8411635,31.8514378
מזכרת בתיה,28,2009,0,0.0,0.0,34.8411635,31.8514378
מזכרת בתיה,28,2010,0,0.0,0.0,34.8411635,31.8514378
מזכרת בתיה,28,2011,0,0.0,0.0,34.8411635,31.8514378
מזכרת בתיה,28,2012,0,0.0,0.0,34.8411635,31.8514378
מזכרת בתיה,28,2013,0,1.0,0.0,34.8411635,31.8514378
מזכרת בתיה,28,2014,1,1.0,0.0,34.8411635,31.8514378
מזכרת בתיה,28,2015,2,0.0,1.0,34.8411635,31.8514378
מזכרת בתיה,28,2016,1,3.0,0.0,34.8411635,31.8514378
מזכרת בתיה,28,2017,4,2.0,0.0,34.8411635,31.8514378
מזכרת בתיה,28,2018,6,2.0,0.0,34.8411635,31.8514378
מזכרת בתיה,28,2019,8,1.0,0.0,34.8411635,31.8514378
מזכרת בתיה,28,2020,9,0.0,0.0,34.8411635,31.8514378
מזכרת בתיה,28,2021,9,0.0,1.0,34.8411635,31.8514378
מזכרת בתיה,28,2022,8,0.0,0.0,34.8411635,31.8514378
מעלות תרשיחא,1063,2005,0,0.0,0.0,35.2759666,33.0157394
מעלות תרשיחא,1063,2006,0,0.0,0.0,35.2759666,33.0157394
מעלות תרשיחא,1063,2007,0,0.0,0.0,35.2759666,33.0157394
מעלות תרשיחא,1063,2008,0,0.0,0.0,35.2759666,33.0157394
מעלות תרשיחא,1063,2009,0,0.0,0.0,35.2759666,33.0157394
מעלות תרשיחא,1063,2010,0,0.0,0.0,35.2759666,33.0157394
מעלות תרשיחא,1063,2011,0,0.0,0.0,35.2759666,33.0157394
מעלות תרשיחא,1063,2012,0,0.0,0.0,35.2759666,33.0157394
מעלות תרשיחא,1063,2013,0,0.0,0.0,35.2759666,33.0157394
מעלות תרשיחא,1063,2014,0,0.0,0.0,35.2759666,33.0157394
מעלות תרשיחא,1063,2015,0,0.0,0.0,35.2759666,33.0157394
מעלות תרשיחא,1063,2016,0,0.0,0.0,35.2759666,33.0157394
מעלות תרשיחא,1063,2017,0,0.0,0.0,35.2759666,33.0157394
מעלות תרשיחא,1063,2018,0,0.0,0.0,35.2759666,33.0157394
מעלות תרשיחא,1063,2019,0,0.0,0.0,35.2759666,33.0157394
מעלות תרשיחא,1063,2020,0,0.0,0.0,35.2759666,33.0157394
מעלות תרשיחא,1063,2021,0,1.0,0.0,35.2759666,33.0157394
מעלות תרשיחא,1063,2022,1,0.0,0.0,35.2759666,33.0157394
נהריה,9100,2005,0,0.0,0.0,35.10178199390239,33.016762150000005
נהריה,9100,2006,0,1.0,0.0,35.10178199390239,33.016762150000005
נהריה,9100,2007,1,2.0,0.0,35.10178199390239,33.016762150000005
נהריה,9100,2008,3,1.0,1.0,35.10178199390239,33.016762150000005
נהריה,9100,2009,3,0.0,0.0,35.10178199390239,33.016762150000005
נהריה,9100,2010,3,2.0,2.0,35.10178199390239,33.016762150000005
נהריה,9100,2011,3,3.0,0.0,35.10178199390239,33.016762150000005
נהריה,9100,2012,6,4.0,1.0,35.10178199390239,33.016762150000005
נהריה,9100,2013,9,10.0,3.0,35.10178199390239,33.016762150000005
נהריה,9100,2014,16,19.0,7.0,35.10178199390239,33.016762150000005
נהריה,9100,2015,28,11.0,12.0,35.10178199390239,33.016762150000005
נהריה,9100,2016,27,21.0,7.0,35.10178199390239,33.016762150000005
נהריה,9100,2017,41,13.0,14.0,35.10178199390239,33.016762150000005
נהריה,9100,2018,40,8.0,2.0,35.10178199390239,33.016762150000005
נהריה,9100,2019,46,13.0,10.0,35.10178199390239,33.016762150000005
נהריה,9100,2020,49,7.0,13.0,35.10178199390239,33.016762150000005
נהריה,9100,2021,43,14.0,3.0,35.10178199390239,33.016762150000005
נהריה,9100,2022,54,2.0,4.0,35.10178199390239,33.016762150000005
נס ציונה,7200,2005,0,0.0,0.0,34.79413999283129,31.9208636
נס ציונה,7200,2006,0,0.0,0.0,34.79413999283129,31.9208636
נס ציונה,7200,2007,0,0.0,0.0,34.79413999283129,31.9208636
נס ציונה,7200,2008,0,0.0,0.0,34.79413999283129,31.9208636
נס ציונה,7200,2009,0,0.0,0.0,34.79413999283129,31.9208636
נס ציונה,7200,2010,0,0.0,0.0,34.79413999283129,31.9208636
נס ציונה,7200,2011,0,1.0,0.0,34.79413999283129,31.9208636
נס ציונה,7200,2012,1,0.0,0.0,34.79413999283129,31.9208636
נס ציונה,7200,2013,1,0.0,0.0,34.79413999283129,31.9208636
נס ציונה,7200,2014,1,5.0,1.0,34.79413999283129,31.9208636
נס ציונה,7200,2015,5,6.0,3.0,34.79413999283129,31.9208636
נס ציונה,7200,2016,8,4.0,2.0,34.79413999283129,31.9208636
נס ציונה,7200,2017,10,6.0,5.0,34.79413999283129,31.9208636
נס ציונה,7200,2018,11,4.0,3.0,34.79413999283129,31.9208636
נס ציונה,7200,2019,12,1.0,0.0,34.79413999283129,31.9208636
נס ציונה,7200,2020,13,0.0,4.0,34.79413999283129,31.9208636
נס ציונה,7200,2021,9,3.0,1.0,34.79413999283129,31.9208636
נס ציונה,7200,2022,11,0.0,1.0,34.79413999283129,31.9208636
נשר,2500,2005,0,0.0,0.0,35.0381249,32.7708797
נשר,2500,2006,0,0.0,0.0,35.0381249,32.7708797
נשר,2500,2007,0,0.0,0.0,35.0381249,32.7708797
נשר,2500,2008,0,0.0,0.0,35.0381249,32.7708797
נשר,2500,2009,0,0.0,0.0,35.0381249,32.7708797
נשר,2500,2010,0,0.0,0.0,35.0381249,32.7708797
נשר,2500,2011,0,0.0,0.0,35.0381249,32.7708797
נשר,2500,2012,0,0.0,0.0,35.0381249,32.7708797
נשר,2500,2013,0,0.0,0.0,35.0381249,32.7708797
נשר,2500,2014,0,0.0,0.0,35.0381249,32.7708797
נשר,2500,2015,0,1.0,0.0,35.0381249,32.7708797
נשר,2500,2016,1,0.0,0.0,35.0381249,32.7708797
נשר,2500,2017,1,0.0,1.0,35.0381249,32.7708797
נשר,2500,2018,0,0.0,0.0,35.0381249,32.7708797
נשר,2500,2019,0,0.0,0.0,35.0381249,32.7708797
נשר,2500,2020,0,1.0,0.0,35.0381249,32.7708797
נשר,2500,2021,1,0.0,0.0,35.0381249,32.7708797
נשר,2500,2022,1,0.0,0.0,35.0381249,32.7708797
נתניה,7400,2005,0,0.0,0.0,34.8566246,32.3286181
נתניה,7400,2006,0,0.0,0.0,34.8566246,32.3286181
נתניה,7400,2007,0,0.0,0.0,34.8566246,32.3286181
נתניה,7400,2008,0,1.0,0.0,34.8566246,32.3286181
נתניה,7400,2009,1,0.0,0.0,34.8566246,32.3286181
נתניה,7400,2010,1,0.0,0.0,34.8566246,32.3286181
נתניה,7400,2011,1,5.0,0.0,34.8566246,32.3286181
נתניה,7400,2012,6,10.0,2.0,34.8566246,32.3286181
נתניה,7400,2013,14,26.0,4.0,34.8566246,32.3286181
נתניה,7400,2014,36,24.0,11.0,34.8566246,32.3286181
נתניה,7400,2015,49,17.0,13.0,34.8566246,32.3286181
נתניה,7400,2016,53,17.0,16.0,34.8566246,32.3286181
נתניה,7400,2017,54,18.0,9.0,34.8566246,32.3286181
נתניה,7400,2018,63,17.0,12.0,34.8566246,32.3286181
נתניה,7400,2019,68,14.0,11.0,34.8566246,32.3286181
נתניה,7400,2020,71,3.0,5.0,34.8566246,32.3286181
נתניה,7400,2021,69,2.0,9.0,34.8566246,32.3286181
נתניה,7400,2022,62,4.0,0.0,34.8566246,32.3286181
עכו,7600,2005,0,0.0,0.0,35.0756378,32.9281731
עכו,7600,2006,0,0.0,0.0,35.0756378,32.9281731
עכו,7600,2007,0,0.0,0.0,35.0756378,32.9281731
עכו,7600,2008,0,0.0,0.0,35.0756378,32.9281731
עכו,7600,2009,0,0.0,0.0,35.0756378,32.9281731
עכו,7600,2010,0,1.0,0.0,35.0756378,32.9281731
עכו,7600,2011,1,1.0,0.0,35.0756378,32.9281731
עכו,7600,2012,2,0.0,0.0,35.0756378,32.9281731
עכו,7600,2013,2,6.0,0.0,35.0756378,32.9281731
עכו,7600,2014,8,2.0,0.0,35.0756378,32.9281731
עכו,7600,2015,10,2.0,0.0,35.0756378,32.9281731
עכו,7600,2016,12,2.0,2.0,35.0756378,32.9281731
עכו,7600,2017,12,5.0,1.0,35.0756378,32.9281731
עכו,7600,2018,16,2.0,2.0,35.0756378,32.9281731
עכו,7600,2019,16,3.0,0.0,35.0756378,32.9281731
עכו,7600,2020,19,4.0,0.0,35.0756378,32.9281731
עכו,7600,2021,23,2.0,4.0,35.0756378,32.9281731
עכו,7600,2022,21,5.0,2.0,35.0756378,32.9281731
עפולה,7700,2005,0,0.0,0.0,35.28568160556101,32.6090718
עפולה,7700,2006,0,0.0,0.0,35.28568160556101,32.6090718
עפולה,7700,2007,0,0.0,0.0,35.28568160556101,32.6090718
עפולה,7700,2008,0,0.0,0.0,35.28568160556101,32.6090718
עפולה,7700,2009,0,0.0,0.0,35.28568160556101,32.6090718
עפולה,7700,2010,0,0.0,0.0,35.28568160556101,32.6090718
עפולה,7700,2011,0,0.0,0.0,35.28568160556101,32.6090718
עפולה,7700,2012,0,0.0,0.0,35.28568160556101,32.6090718
עפולה,7700,2013,0,0.0,0.0,35.28568160556101,32.6090718
עפולה,7700,2014,0,0.0,0.0,35.28568160556101,32.6090718
עפולה,7700,2015,0,1.0,0.0,35.28568160556101,32.6090718
עפולה,7700,2016,1,0.0,1.0,35.28568160556101,32.6090718
עפולה,7700,2017,0,2.0,1.0,35.28568160556101,32.6090718
עפולה,7700,2018,1,0.0,0.0,35.28568160556101,32.6090718
עפולה,7700,2019,1,1.0,0.0,35.28568160556101,32.6090718
עפולה,7700,2020,2,0.0,1.0,35.28568160556101,32.6090718
עפולה,7700,2021,1,3.0,0.0,35.28568160556101,32.6090718
עפולה,7700,2022,4,0.0,1.0,35.28568160556101,32.6090718
פרדס חנה כרכור,7800,2005,0,0.0,0.0,34.9761087,32.475041
פרדס חנה כרכור,7800,2006,0,0.0,0.0,34.9761087,32.475041
פרדס חנה כרכור,7800,2007,0,0.0,0.0,34.9761087,32.475041
פרדס חנה כרכור,7800,2008,0,0.0,0.0,34.9761087,32.475041
פרדס חנה כרכור,7800,2009,0,0.0,0.0,34.9761087,32.475041
פרדס חנה כרכור,7800,2010,0,0.0,0.0,34.9761087,32.475041
פרדס חנה כרכור,7800,2011,0,0.0,0.0,34.9761087,32.475041
פרדס חנה כרכור,7800,2012,0,0.0,0.0,34.9761087,32.475041
פרדס חנה כרכור,7800,2013,0,0.0,0.0,34.9761087,32.475041
פרדס חנה כרכור,7800,2014,0,0.0,0.0,34.9761087,32.475041
פרדס חנה כרכור,7800,2015,0,0.0,0.0,34.9761087,32.475041
פרדס חנה כרכור,7800,2016,0,1.0,0.0,34.9761087,32.475041
פרדס חנה כרכור,7800,2017,1,1.0,0.0,34.9761087,32.475041
פרדס חנה כרכור,7800,2018,2,0.0,2.0,34.9761087,32.475041
פרדס חנה כרכור,7800,2019,0,2.0,0.0,34.9761087,32.475041
פרדס חנה כרכור,7800,2020,2,1.0,2.0,34.9761087,32.475041
פרדס חנה כרכור,7800,2021,1,0.0,1.0,34.9761087,32.475041
פרדס חנה כרכור,7800,2022,0,0.0,0.0,34.9761087,32.475041
פתח תקוה,7900,2005,0,0.0,0.0,34.8859985,32.0877639
פתח תקוה,7900,2006,0,2.0,0.0,34.8859985,32.0877639
פתח תקוה,7900,2007,2,3.0,1.0,34.8859985,32.0877639
פתח תקוה,7900,2008,4,0.0,1.0,34.8859985,32.0877639
פתח תקוה,7900,2009,3,5.0,0.0,34.8859985,32.0877639
פתח תקוה,7900,2010,8,7.0,1.0,34.8859985,32.0877639
פתח תקוה,7900,2011,14,9.0,2.0,34.8859985,32.0877639
פתח תקוה,7900,2012,21,28.0,1.0,34.8859985,32.0877639
פתח תקוה,7900,2013,48,41.0,3.0,34.8859985,32.0877639
פתח תקוה,7900,2014,86,29.0,17.0,34.8859985,32.0877639
פתח תקוה,7900,2015,98,30.0,19.0,34.8859985,32.0877639
פתח תקוה,7900,2016,109,17.0,17.0,34.8859985,32.0877639
פתח תקוה,7900,2017,109,24.0,18.0,34.8859985,32.0877639
פתח תקוה,7900,2018,115,32.0,25.0,34.8859985,32.0877639
פתח תקוה,7900,2019,122,34.0,23.0,34.8859985,32.0877639
פתח תקוה,7900,2020,133,47.0,23.0,34.8859985,32.0877639
פתח תקוה,7900,2021,157,38.0,34.0,34.8859985,32.0877639
פתח תקוה,7900,2022,161,23.0,27.0,34.8859985,32.0877639
קרית אונו,2620,2005,0,0.0,0.0,34.8594303,32.0591691
קרית אונו,2620,2006,0,0.0,0.0,34.8594303,32.0591691
קרית אונו,2620,2007,0,1.0,0.0,34.8594303,32.0591691
קרית אונו,2620,2008,1,0.0,1.0,34.8594303,32.0591691
קרית אונו,2620,2009,0,1.0,0.0,34.8594303,32.0591691
קרית אונו,2620,2010,1,0.0,0.0,34.8594303,32.0591691
קרית אונו,2620,2011,1,4.0,0.0,34.8594303,32.0591691
קרית אונו,2620,2012,5,5.0,2.0,34.8594303,32.0591691
קרית אונו,2620,2013,8,9.0,4.0,34.8594303,32.0591691
קרית אונו,2620,2014,13,9.0,0.0,34.8594303,32.0591691
קרית אונו,2620,2015,22,12.0,7.0,34.8594303,32.0591691
קרית אונו,2620,2016,27,2.0,2.0,34.8594303,32.0591691
קרית אונו,2620,2017,27,3.0,5.0,34.8594303,32.0591691
קרית אונו,2620,2018,25,9.0,8.0,34.8594303,32.0591691
קרית אונו,2620,2019,26,2.0,5.0,34.8594303,32.0591691
קרית אונו,2620,2020,23,3.0,3.0,34.8594303,32.0591691
קרית אונו,2620,2021,23,3.0,4.0,34.8594303,32.0591691
קרית אונו,2620,2022,22,1.0,1.0,34.8594303,32.0591691
קרית אתא,6800,2005,0,0.0,0.0,35.09756462563476,32.79931045
קרית אתא,6800,2006,0,0.0,0.0,35.09756462563476,32.79931045
קרית אתא,6800,2007,0,0.0,0.0,35.09756462563476,32.79931045
קרית אתא,6800,2008,0,0.0,0.0,35.09756462563476,32.79931045
קרית אתא,6800,2009,0,0.0,0.0,35.09756462563476,32.79931045
קרית אתא,6800,2010,0,3.0,0.0,35.09756462563476,32.79931045
קרית אתא,6800,2011,3,0.0,1.0,35.09756462563476,32.79931045
קרית אתא,6800,2012,2,4.0,0.0,35.09756462563476,32.79931045
קרית אתא,6800,2013,6,14.0,5.0,35.09756462563476,32.79931045
קרית אתא,6800,2014,15,21.0,14.0,35.09756462563476,32.79931045
קרית אתא,6800,2015,22,23.0,19.0,35.09756462563476,32.79931045
קרית אתא,6800,2016,26,11.0,16.0,35.09756462563476,32.79931045
קרית אתא,6800,2017,21,27.0,11.0,35.09756462563476,32.79931045
קרית אתא,6800,2018,37,17.0,27.0,35.09756462563476,32.79931045
קרית אתא,6800,2019,27,9.0,15.0,35.09756462563476,32.79931045
קרית אתא,6800,2020,21,9.0,13.0,35.09756462563476,32.79931045
קרית אתא,6800,2021,17,3.0,7.0,35.09756462563476,32.79931045
קרית אתא,6800,2022,13,3.0,4.0,35.09756462563476,32.79931045
קרית ביאליק,9500,2005,0,0.0,0.0,35.10021518954058,32.842425
קרית ביאליק,9500,2006,0,0.0,0.0,35.10021518954058,32.842425
קרית ביאליק,9500,2007,0,0.0,0.0,35.10021518954058,32.842425
קרית ביאליק,9500,2008,0,0.0,0.0,35.10021518954058,32.842425
קרית ביאליק,9500,2009,0,2.0,0.0,35.10021518954058,32.842425
קרית ביאליק,9500,2010,2,0.0,0.0,35.10021518954058,32.842425
קרית ביאליק,9500,2011,2,0.0,1.0,35.10021518954058,32.842425
קרית ביאליק,9500,2012,1,0.0,0.0,35.10021518954058,32.842425
קרית ביאליק,9500,2013,1,5.0,0.0,35.10021518954058,32.842425
קרית ביאליק,9500,2014,6,8.0,2.0,35.10021518954058,32.842425
קרית ביאליק,9500,2015,12,27.0,12.0,35.10021518954058,32.842425
קרית ביאליק,9500,2016,27,19.0,12.0,35.10021518954058,32.842425
קרית ביאליק,9500,2017,34,25.0,13.0,35.10021518954058,32.842425
קרית ביאליק,9500,2018,46,14.0,13.0,35.10021518954058,32.842425
קרית ביאליק,9500,2019,47,12.0,12.0,35.10021518954058,32.842425
קרית ביאליק,9500,2020,47,7.0,5.0,35.10021518954058,32.842425
קרית ביאליק,9500,2021,49,2.0,6.0,35.10021518954058,32.842425
קרית ביאליק,9500,2022,45,5.0,3.0,35.10021518954058,32.842425
קרית גת,2630,2005,0,0.0,0.0,34.76533877372148,31.6133217
קרית גת,2630,2006,0,0.0,0.0,34.76533877372148,31.6133217
קרית גת,2630,2007,0,0.0,0.0,34.76533877372148,31.6133217
קרית גת,2630,2008,0,0.0,0.0,34.76533877372148,31.6133217
קרית גת,2630,2009,0,0.0,0.0,34.76533877372148,31.6133217
קרית גת,2630,2010,0,1.0,0.0,34.76533877372148,31.6133217
קרית גת,2630,2011,1,0.0,0.0,34.76533877372148,31.6133217
קרית גת,2630,2012,1,2.0,0.0,34.76533877372148,31.6133217
קרית גת,2630,2013,3,0.0,1.0,34.76533877372148,31.6133217
קרית גת,2630,2014,2,0.0,0.0,34.76533877372148,31.6133217
קרית גת,2630,2015,2,0.0,0.0,34.76533877372148,31.6133217
קרית גת,2630,2016,2,0.0,0.0,34.76533877372148,31.6133217
קרית גת,2630,2017,2,1.0,0.0,34.76533877372148,31.6133217
קרית גת,2630,2018,3,0.0,0.0,34.76533877372148,31.6133217
קרית גת,2630,2019,3,0.0,0.0,34.76533877372148,31.6133217
קרית גת,2630,2020,3,0.0,0.0,34.76533877372148,31.6133217
קרית גת,2630,2021,3,0.0,1.0,34.76533877372148,31.6133217
קרית גת,2630,2022,2,0.0,0.0,34.76533877372148,31.6133217
קרית טבעון,2300,2005,0,0.0,0.0,35.126841,32.7161543
קרית טבעון,2300,2006,0,1.0,0.0,35.126841,32.7161543
קרית טבעון,2300,2007,1,0.0,1.0,35.126841,32.7161543
קרית טבעון,2300,2008,0,0.0,0.0,35.126841,32.7161543
קרית טבעון,2300,2009,0,0.0,0.0,35.126841,32.7161543
קרית טבעון,2300,2010,0,1.0,0.0,35.126841,32.7161543
קרית טבעון,2300,2011,1,0.0,1.0,35.126841,32.7161543
קרית טבעון,2300,2012,0,1.0,0.0,35.126841,32.7161543
קרית טבעון,2300,2013,1,0.0,0.0,35.126841,32.7161543
קרית טבעון,2300,2014,1,0.0,1.0,35.126841,32.7161543
קרית טבעון,2300,2015,0,0.0,0.0,35.126841,32.7161543
קרית טבעון,2300,2016,0,0.0,0.0,35.126841,32.7161543
קרית טבעון,2300,2017,0,0.0,0.0,35.126841,32.7161543
קרית טבעון,2300,2018,0,0.0,0.0,35.126841,32.7161543
קרית טבעון,2300,2019,0,0.0,0.0,35.126841,32.7161543
קרית טבעון,2300,2020,0,1.0,0.0,35.126841,32.7161543
קרית טבעון,2300,2021,1,0.0,0.0,35.126841,32.7161543
קרית טבעון,2300,2022,1,0.0,0.0,35.126841,32.7161543
קרית ים,9600,2005,0,0.0,0.0,35.07888809842724,32.86217705
קרית ים,9600,2006,0,0.0,0.0,35.07888809842724,32.86217705
קרית ים,9600,2007,0,0.0,0.0,35.07888809842724,32.86217705
קרית ים,9600,2008,0,0.0,0.0,35.07888809842724,32.86217705
קרית ים,9600,2009,0,0.0,0.0,35.07888809842724,32.86217705
קרית ים,9600,2010,0,0.0,0.0,35.07888809842724,32.86217705
קרית ים,9600,2011,0,0.0,0.0,35.07888809842724,32.86217705
קרית ים,9600,2012,0,0.0,0.0,35.07888809842724,32.86217705
קרית ים,9600,2013,0,3.0,1.0,35.07888809842724,32.86217705
קרית ים,9600,2014,2,3.0,1.0,35.07888809842724,32.86217705
קרית ים,9600,2015,4,2.0,3.0,35.07888809842724,32.86217705
קרית ים,9600,2016,3,7.0,2.0,35.07888809842724,32.86217705
קרית ים,9600,2017,8,9.0,6.0,35.07888809842724,32.86217705
קרית ים,9600,2018,11,2.0,0.0,35.07888809842724,32.86217705
קרית ים,9600,2019,13,3.0,5.0,35.07888809842724,32.86217705
קרית ים,9600,2020,11,2.0,2.0,35.07888809842724,32.86217705
קרית ים,9600,2021,11,0.0,0.0,35.07888809842724,32.86217705
קרית ים,9600,2022,11,2.0,0.0,35.07888809842724,32.86217705
קרית מוצקין,8200,2005,0,0.0,0.0,35.082507285259084,32.841882999999996
קרית מוצקין,8200,2006,0,0.0,0.0,35.082507285259084,32.841882999999996
קרית מוצקין,8200,2007,0,1.0,0.0,35.082507285259084,32.841882999999996
קרית מוצקין,8200,2008,1,0.0,1.0,35.082507285259084,32.841882999999996
קרית מוצקין,8200,2009,0,0.0,0.0,35.082507285259084,32.841882999999996
קרית מוצקין,8200,2010,0,0.0,0.0,35.082507285259084,32.841882999999996
קרית מוצקין,8200,2011,0,0.0,0.0,35.082507285259084,32.841882999999996
קרית מוצקין,8200,2012,0,0.0,0.0,35.082507285259084,32.841882999999996
קרית מוצקין,8200,2013,0,4.0,0.0,35.082507285259084,32.841882999999996
קרית מוצקין,8200,2014,4,6.0,1.0,35.082507285259084,32.841882999999996
קרית מוצקין,8200,2015,9,9.0,6.0,35.082507285259084,32.841882999999996
קרית מוצקין,8200,2016,12,3.0,3.0,35.082507285259084,32.841882999999996
קרית מוצקין,8200,2017,12,10.0,5.0,35.082507285259084,32.841882999999996
קרית מוצקין,8200,2018,17,19.0,10.0,35.082507285259084,32.841882999999996
קרית מוצקין,8200,2019,26,8.0,8.0,35.082507285259084,32.841882999999996
קרית מוצקין,8200,2020,26,3.0,2.0,35.082507285259084,32.841882999999996
קרית מוצקין,8200,2021,27,0.0,6.0,35.082507285259084,32.841882999999996
קרית מוצקין,8200,2022,21,1.0,0.0,35.082507285259084,32.841882999999996
קרית מלאכי,1034,2005,0,0.0,0.0,34.745127825819694,31.7312902
קרית מלאכי,1034,2006,0,0.0,0.0,34.745127825819694,31.7312902
קרית מלאכי,1034,2007,0,0.0,0.0,34.745127825819694,31.7312902
קרית מלאכי,1034,2008,0,0.0,0.0,34.745127825819694,31.7312902
קרית מלאכי,1034,2009,0,0.0,0.0,34.745127825819694,31.7312902
קרית מלאכי,1034,2010,0,0.0,0.0,34.745127825819694,31.7312902
קרית מלאכי,1034,2011,0,0.0,0.0,34.745127825819694,31.7312902
קרית מלאכי,1034,2012,0,0.0,0.0,34.745127825819694,31.7312902
קרית מלאכי,1034,2013,0,0.0,0.0,34.745127825819694,31.7312902
קרית מלאכי,1034,2014,0,0.0,0.0,34.745127825819694,31.7312902
קרית מלאכי,1034,2015,0,0.0,0.0,34.745127825819694,31.7312902
קרית מלאכי,1034,2016,0,1.0,0.0,34.745127825819694,31.7312902
קרית מלאכי,1034,2017,1,0.0,1.0,34.745127825819694,31.7312902
קרית מלאכי,1034,2018,0,0.0,0.0,34.745127825819694,31.7312902
קרית מלאכי,1034,2019,0,0.0,0.0,34.745127825819694,31.7312902
קרית מלאכי,1034,2020,0,0.0,0.0,34.745127825819694,31.7312902
קרית מלאכי,1034,2021,0,0.0,0.0,34.745127825819694,31.7312902
קרית מלאכי,1034,2022,0,0.0,0.0,34.745127825819694,31.7312902
קרית שמונה,2800,2005,0,0.0,0.0,35.574833502404715,33.210757099999995
קרית שמונה,2800,2006,0,0.0,0.0,35.574833502404715,33.210757099999995
קרית שמונה,2800,2007,0,1.0,0.0,35.574833502404715,33.210757099999995
קרית שמונה,2800,2008,1,1.0,1.0,35.574833502404715,33.210757099999995
קרית שמונה,2800,2009,1,0.0,1.0,35.574833502404715,33.210757099999995
קרית שמונה,2800,2010,0,4.0,0.0,35.574833502404715,33.210757099999995
קרית שמונה,2800,2011,4,0.0,1.0,35.574833502404715,33.210757099999995
קרית שמונה,2800,2012,3,3.0,0.0,35.574833502404715,33.210757099999995
קרית שמונה,2800,2013,6,1.0,3.0,35.574833502404715,33.210757099999995
קרית שמונה,2800,2014,4,0.0,0.0,35.574833502404715,33.210757099999995
קרית שמונה,2800,2015,4,0.0,0.0,35.574833502404715,33.210757099999995
קרית שמונה,2800,2016,4,2.0,0.0,35.574833502404715,33.210757099999995
קרית שמונה,2800,2017,6,5.0,0.0,35.574833502404715,33.210757099999995
קרית שמונה,2800,2018,11,0.0,5.0,35.574833502404715,33.210757099999995
קרית שמונה,2800,2019,6,0.0,0.0,35.574833502404715,33.210757099999995
קרית שמונה,2800,2020,6,0.0,0.0,35.574833502404715,33.210757099999995
קרית שמונה,2800,2021,6,0.0,1.0,35.574833502404715,33.210757099999995
קרית שמונה,2800,2022,5,0.0,0.0,35.574833502404715,33.210757099999995
ראשון לציון,8300,2005,0,0.0,0.0,34.778333959019605,31.9747693
ראשון לציון,8300,2006,0,2.0,0.0,34.778333959019605,31.9747693
ראשון לציון,8300,2007,2,5.0,1.0,34.778333959019605,31.9747693
ראשון לציון,8300,2008,6,4.0,1.0,34.778333959019605,31.9747693
ראשון לציון,8300,2009,9,9.0,2.0,34.778333959019605,31.9747693
ראשון לציון,8300,2010,16,17.0,5.0,34.778333959019605,31.9747693
ראשון לציון,8300,2011,28,36.0,7.0,34.778333959019605,31.9747693
ראשון לציון,8300,2012,57,29.0,8.0,34.778333959019605,31.9747693
ראשון לציון,8300,2013,78,46.0,15.0,34.778333959019605,31.9747693
ראשון לציון,8300,2014,109,35.0,19.0,34.778333959019605,31.9747693
ראשון לציון,8300,2015,125,44.0,12.0,34.778333959019605,31.9747693
ראשון לציון,8300,2016,157,24.0,23.0,34.778333959019605,31.9747693
ראשון לציון,8300,2017,158,24.0,21.0,34.778333959019605,31.9747693
ראשון לציון,8300,2018,161,19.0,16.0,34.778333959019605,31.9747693
ראשון לציון,8300,2019,164,14.0,16.0,34.778333959019605,31.9747693
ראשון לציון,8300,2020,162,4.0,10.0,34.778333959019605,31.9747693
ראשון לציון,8300,2021,156,4.0,30.0,34.778333959019605,31.9747693
ראשון לציון,8300,2022,130,0.0,14.0,34.778333959019605,31.9747693
רחובות,8400,2005,0,0.0,0.0,34.80340932920801,31.8930644
רחובות,8400,2006,0,0.0,0.0,34.80340932920801,31.8930644
רחובות,8400,2007,0,0.0,0.0,34.80340932920801,31.8930644
רחובות,8400,2008,0,1.0,0.0,34.80340932920801,31.8930644
רחובות,8400,2009,1,0.0,0.0,34.80340932920801,31.8930644
רחובות,8400,2010,1,4.0,1.0,34.80340932920801,31.8930644
רחובות,8400,2011,4,4.0,3.0,34.80340932920801,31.8930644
רחובות,8400,2012,5,3.0,1.0,34.80340932920801,31.8930644
רחובות,8400,2013,7,18.0,3.0,34.80340932920801,31.8930644
רחובות,8400,2014,22,12.0,1.0,34.80340932920801,31.8930644
רחובות,8400,2015,33,14.0,4.0,34.80340932920801,31.8930644
רחובות,8400,2016,43,9.0,4.0,34.80340932920801,31.8930644
רחובות,8400,2017,48,12.0,2.0,34.80340932920801,31.8930644
רחובות,8400,2018,58,6.0,12.0,34.80340932920801,31.8930644
רחובות,8400,2019,52,12.0,6.0,34.80340932920801,31.8930644
רחובות,8400,2020,58,2.0,6.0,34.80340932920801,31.8930644
רחובות,8400,2021,54,5.0,4.0,34.80340932920801,31.8930644
רחובות,8400,2022,55,5.0,4.0,34.80340932920801,31.8930644
רמלה,8500,2005,0,0.0,0.0,34.86624417547037,31.9254812
רמלה,8500,2006,0,0.0,0.0,34.86624417547037,31.9254812
רמלה,8500,2007,0,1.0,0.0,34.86624417547037,31.9254812
רמלה,8500,2008,1,0.0,0.0,34.86624417547037,31.9254812
רמלה,8500,2009,1,0.0,1.0,34.86624417547037,31.9254812
רמלה,8500,2010,0,0.0,0.0,34.86624417547037,31.9254812
רמלה,8500,2011,0,0.0,0.0,34.86624417547037,31.9254812
רמלה,8500,2012,0,1.0,0.0,34.86624417547037,31.9254812
רמלה,8500,2013,1,1.0,0.0,34.86624417547037,31.9254812
רמלה,8500,2014,2,1.0,0.0,34.86624417547037,31.9254812
רמלה,8500,2015,3,1.0,0.0,34.86624417547037,31.9254812
רמלה,8500,2016,4,1.0,1.0,34.86624417547037,31.9254812
רמלה,8500,2017,4,1.0,1.0,34.86624417547037,31.9254812
רמלה,8500,2018,4,1.0,0.0,34.86624417547037,31.9254812
רמלה,8500,2019,5,1.0,0.0,34.86624417547037,31.9254812
רמלה,8500,2020,6,0.0,1.0,34.86624417547037,31.9254812
רמלה,8500,2021,5,0.0,0.0,34.86624417547037,31.9254812
רמלה,8500,2022,5,0.0,0.0,34.86624417547037,31.9254812
רמת גן,8600,2005,0,0.0,0.0,34.8246812,32.0686867
רמת גן,8600,2006,0,0.0,0.0,34.8246812,32.0686867
רמת גן,8600,2007,0,4.0,0.0,34.8246812,32.0686867
רמת גן,8600,2008,4,6.0,3.0,34.8246812,32.0686867
רמת גן,8600,2009,7,7.0,4.0,34.8246812,32.0686867
רמת גן,8600,2010,10,38.0,4.0,34.8246812,32.0686867
רמת גן,8600,2011,44,57.0,20.0,34.8246812,32.0686867
רמת גן,8600,2012,81,94.0,29.0,34.8246812,32.0686867
רמת גן,8600,2013,146,164.0,62.0,34.8246812,32.0686867
רמת גן,8600,2014,248,224.0,52.0,34.8246812,32.0686867
רמת גן,8600,2015,420,102.0,89.0,34.8246812,32.0686867
רמת גן,8600,2016,433,106.0,53.0,34.8246812,32.0686867
רמת גן,8600,2017,486,74.0,42.0,34.8246812,32.0686867
רמת גן,8600,2018,518,98.0,47.0,34.8246812,32.0686867
רמת גן,8600,2019,569,48.0,68.0,34.8246812,32.0686867
רמת גן,8600,2020,549,30.0,55.0,34.8246812,32.0686867
רמת גן,8600,2021,524,22.0,48.0,34.8246812,32.0686867
רמת גן,8600,2022,498,36.0,27.0,34.8246812,32.0686867
רמת השרון,2650,2005,0,0.0,0.0,34.8380853,32.1431276
רמת השרון,2650,2006,0,1.0,0.0,34.8380853,32.1431276
רמת השרון,2650,2007,1,1.0,0.0,34.8380853,32.1431276
רמת השרון,2650,2008,2,2.0,1.0,34.8380853,32.1431276
רמת השרון,2650,2009,3,0.0,0.0,34.8380853,32.1431276
רמת השרון,2650,2010,3,2.0,1.0,34.8380853,32.1431276
רמת השרון,2650,2011,4,2.0,2.0,34.8380853,32.1431276
רמת השרון,2650,2012,4,1.0,0.0,34.8380853,32.1431276
רמת השרון,2650,2013,5,12.0,3.0,34.8380853,32.1431276
רמת השרון,2650,2014,14,7.0,5.0,34.8380853,32.1431276
רמת השרון,2650,2015,16,12.0,4.0,34.8380853,32.1431276
רמת השרון,2650,2016,24,11.0,4.0,34.8380853,32.1431276
רמת השרון,2650,2017,31,20.0,3.0,34.8380853,32.1431276
רמת השרון,2650,2018,48,14.0,5.0,34.8380853,32.1431276
רמת השרון,2650,2019,57,16.0,13.0,34.8380853,32.1431276
רמת השרון,2650,2020,60,8.0,5.0,34.8380853,32.1431276
רמת השרון,2650,2021,63,3.0,20.0,34.8380853,32.1431276
רמת השרון,2650,2022,46,0.0,7.0,34.8380853,32.1431276
רעננה,8700,2005,0,0.0,0.0,34.863100384447904,32.1898338
רעננה,8700,2006,0,2.0,0.0,34.863100384447904,32.1898338
רעננה,8700,2007,2,2.0,1.0,34.863100384447904,32.1898338
רעננה,8700,2008,3,7.0,0.0,34.863100384447904,32.1898338
רעננה,8700,2009,10,8.0,4.0,34.863100384447904,32.1898338
רעננה,8700,2010,14,15.0,4.0,34.863100384447904,32.1898338
רעננה,8700,2011,25,12.0,8.0,34.863100384447904,32.1898338
רעננה,8700,2012,29,19.0,13.0,34.863100384447904,32.1898338
רעננה,8700,2013,35,38.0,13.0,34.863100384447904,32.1898338
רעננה,8700,2014,60,46.0,14.0,34.863100384447904,32.1898338
רעננה,8700,2015,92,37.0,21.0,34.863100384447904,32.1898338
רעננה,8700,2016,108,10.0,20.0,34.863100384447904,32.1898338
רעננה,8700,2017,98,16.0,11.0,34.863100384447904,32.1898338
רעננה,8700,2018,103,10.0,17.0,34.863100384447904,32.1898338
רעננה,8700,2019,96,9.0,19.0,34.863100384447904,32.1898338
רעננה,8700,2020,86,19.0,14.0,34.863100384447904,32.1898338
רעננה,8700,2021,91,14.0,12.0,34.863100384447904,32.1898338
רעננה,8700,2022,93,12.0,11.0,34.863100384447904,32.1898338
תל אביב יפו,5000,2005,0,2.0,0.0,34.7818064,32.0852997
תל אביב יפו,5000,2006,2,4.0,0.0,34.7818064,32.0852997
תל אביב יפו,5000,2007,6,10.0,2.0,34.7818064,32.0852997
תל אביב יפו,5000,2008,14,11.0,4.0,34.7818064,32.0852997
תל אביב יפו,5000,2009,21,20.0,2.0,34.7818064,32.0852997
תל אביב יפו,5000,2010,39,23.0,10.0,34.7818064,32.0852997
תל אביב יפו,5000,2011,52,32.0,10.0,34.7818064,32.0852997
תל אביב יפו,5000,2012,74,82.0,15.0,34.7818064,32.0852997
תל אביב יפו,5000,2013,141,112.0,34.0,34.7818064,32.0852997
תל אביב יפו,5000,2014,219,189.0,48.0,34.7818064,32.0852997
תל אביב יפו,5000,2015,360,174.0,55.0,34.7818064,32.0852997
תל אביב יפו,5000,2016,479,155.0,60.0,34.7818064,32.0852997
תל אביב יפו,5000,2017,574,181.0,68.0,34.7818064,32.0852997
תל אביב יפו,5000,2018,687,164.0,83.0,34.7818064,32.0852997
תל אביב יפו,5000,2019,768,116.0,149.0,34.7818064,32.0852997
תל אביב יפו,5000,2020,735,238.0,115.0,34.7818064,32.0852997
תל אביב יפו,5000,2021,858,240.0,124.0,34.7818064,32.0852997
תל אביב יפו,5000,2022,974,209.0,133.0,34.7818064,32.0852997
